year,month,customer class,value
2019,1,ICOMM,41445
2019,1,IMULT,29362
2019,1,NP IRR,0
2019,1,OCOMM,99
2019,1,ORES,29
2019,1,POTABLE IRR,706
2019,1,TOTAL IRES TIERS,28783
2019,1,TOTAL IRR (POTABLE + NP IRR),706
2019,2,ICOMM,20498
2019,2,IMULT,13180
2019,2,NP IRR,0
2019,2,OCOMM,95
2019,2,ORES,16
2019,2,POTABLE IRR,207
2019,2,TOTAL IRES TIERS,15580
2019,2,TOTAL IRR (POTABLE + NP IRR),207
2019,3,ICOMM,19538
2019,3,IMULT,12166
2019,3,NP IRR,0
2019,3,OCOMM,89
2019,3,ORES,13
2019,3,POTABLE IRR,183
2019,3,TOTAL IRES TIERS,13923
2019,3,TOTAL IRR (POTABLE + NP IRR),183
2019,4,ICOMM,23539
2019,4,IMULT,13900
2019,4,NP IRR,34
2019,4,OCOMM,90
2019,4,ORES,17
2019,4,POTABLE IRR,394
2019,4,TOTAL IRES TIERS,16318
2019,4,TOTAL IRR (POTABLE + NP IRR),428
2019,5,ICOMM,22547
2019,5,IMULT,12324
2019,5,NP IRR,107
2019,5,OCOMM,67
2019,5,ORES,9
2019,5,POTABLE IRR,2813
2019,5,TOTAL IRES TIERS,17433
2019,5,TOTAL IRR (POTABLE + NP IRR),2920
2019,6,ICOMM,28513
2019,6,IMULT,13597
2019,6,NP IRR,6030
2019,6,OCOMM,87
2019,6,ORES,9
2019,6,POTABLE IRR,11896
2019,6,TOTAL IRES TIERS,23880
2019,6,TOTAL IRR (POTABLE + NP IRR),17926
2019,7,ICOMM,35574
2019,7,IMULT,15910
2019,7,NP IRR,10460
2019,7,OCOMM,83
2019,7,ORES,13
2019,7,POTABLE IRR,21982
2019,7,TOTAL IRES TIERS,40836
2019,7,TOTAL IRR (POTABLE + NP IRR),32442
2019,8,ICOMM,38367
2019,8,IMULT,17113
2019,8,NP IRR,10104
2019,8,OCOMM,62
2019,8,ORES,20
2019,8,POTABLE IRR,27077
2019,8,TOTAL IRES TIERS,48189
2019,8,TOTAL IRR (POTABLE + NP IRR),37181
2019,9,ICOMM,39436
2019,9,IMULT,18023
2019,9,NP IRR,12508
2019,9,OCOMM,53
2019,9,ORES,15
2019,9,POTABLE IRR,25199
2019,9,TOTAL IRES TIERS,47596
2019,9,TOTAL IRR (POTABLE + NP IRR),37707
2019,10,ICOMM,34039
2019,10,IMULT,16895
2019,10,NP IRR,2339
2019,10,OCOMM,48
2019,10,ORES,15
2019,10,POTABLE IRR,16875
2019,10,TOTAL IRES TIERS,37342
2019,10,TOTAL IRR (POTABLE + NP IRR),19214
2019,11,ICOMM,20048
2019,11,IMULT,12340
2019,11,NP IRR,59
2019,11,OCOMM,65
2019,11,ORES,10
2019,11,POTABLE IRR,1355
2019,11,TOTAL IRES TIERS,14252
2019,11,TOTAL IRR (POTABLE + NP IRR),1414
2019,12,ICOMM,20906
2019,12,IMULT,13359
2019,12,NP IRR,3
2019,12,OCOMM,52
2019,12,ORES,19
2019,12,POTABLE IRR,304
2019,12,TOTAL IRES TIERS,14380
2019,12,TOTAL IRR (POTABLE + NP IRR),307
2020,1,ICOMM,20453
2020,1,IMULT,13344
2020,1,NP IRR,0
2020,1,OCOMM,66
2020,1,ORES,14
2020,1,POTABLE IRR,339
2020,1,TOTAL IRES TIERS,15178
2020,1,TOTAL IRR (POTABLE + NP IRR),339
2020,2,ICOMM,23259
2020,2,IMULT,14016
2020,2,NP IRR,0
2020,2,OCOMM,59
2020,2,ORES,12
2020,2,POTABLE IRR,235
2020,2,TOTAL IRES TIERS,15556
2020,2,TOTAL IRR (POTABLE + NP IRR),235
2020,3,ICOMM,20859
2020,3,IMULT,13208
2020,3,NP IRR,0
2020,3,OCOMM,69
2020,3,ORES,12
2020,3,POTABLE IRR,238
2020,3,TOTAL IRES TIERS,12976
2020,3,TOTAL IRR (POTABLE + NP IRR),238
2020,4,ICOMM,15142
2020,4,IMULT,13063
2020,4,NP IRR,18
2020,4,OCOMM,49
2020,4,ORES,17
2020,4,POTABLE IRR,316
2020,4,TOTAL IRES TIERS,15952
2020,4,TOTAL IRR (POTABLE + NP IRR),334
2020,5,ICOMM,18774
2020,5,IMULT,14259
2020,5,NP IRR,2725
2020,5,OCOMM,63
2020,5,ORES,20
2020,5,POTABLE IRR,6747
2020,5,TOTAL IRES TIERS,25114
2020,5,TOTAL IRR (POTABLE + NP IRR),9472
2020,6,ICOMM,29489
2020,6,IMULT,17180
2020,6,NP IRR,9351
2020,6,OCOMM,63
2020,6,ORES,27
2020,6,POTABLE IRR,24344
2020,6,TOTAL IRES TIERS,45240
2020,6,TOTAL IRR (POTABLE + NP IRR),33695
2020,7,ICOMM,31852
2020,7,IMULT,17379
2020,7,NP IRR,13093
2020,7,OCOMM,63
2020,7,ORES,28
2020,7,POTABLE IRR,28560
2020,7,TOTAL IRES TIERS,49739
2020,7,TOTAL IRR (POTABLE + NP IRR),41653
2020,8,ICOMM,34430
2020,8,IMULT,18961
2020,8,NP IRR,8551
2020,8,OCOMM,85
2020,8,ORES,18
2020,8,POTABLE IRR,31414
2020,8,TOTAL IRES TIERS,53666
2020,8,TOTAL IRR (POTABLE + NP IRR),39965
2020,9,ICOMM,36222
2020,9,IMULT,19877
2020,9,NP IRR,9492
2020,9,OCOMM,98
2020,9,ORES,18
2020,9,POTABLE IRR,26389
2020,9,TOTAL IRES TIERS,53273
2020,9,TOTAL IRR (POTABLE + NP IRR),35881
2020,10,ICOMM,29742
2020,10,IMULT,16610
2020,10,NP IRR,4360
2020,10,OCOMM,71
2020,10,ORES,9
2020,10,POTABLE IRR,18085
2020,10,TOTAL IRES TIERS,39497
2020,10,TOTAL IRR (POTABLE + NP IRR),22445
2020,11,ICOMM,20573
2020,11,IMULT,16296
2020,11,NP IRR,4
2020,11,OCOMM,62
2020,11,ORES,10
2020,11,POTABLE IRR,3510
2020,11,TOTAL IRES TIERS,20933
2020,11,TOTAL IRR (POTABLE + NP IRR),3514
2020,12,ICOMM,15856
2020,12,IMULT,14444
2020,12,NP IRR,0
2020,12,OCOMM,56
2020,12,ORES,8
2020,12,POTABLE IRR,283
2020,12,TOTAL IRES TIERS,14833
2020,12,TOTAL IRR (POTABLE + NP IRR),283
2021,1,ICOMM,17395
2021,1,IMULT,13246
2021,1,NP IRR,0
2021,1,OCOMM,68
2021,1,ORES,9
2021,1,POTABLE IRR,208
2021,1,TOTAL IRES TIERS,15101
2021,1,TOTAL IRR (POTABLE + NP IRR),208
2021,2,ICOMM,18254
2021,2,IMULT,14449
2021,2,NP IRR,0
2021,2,OCOMM,80
2021,2,ORES,10
2021,2,POTABLE IRR,222
2021,2,TOTAL IRES TIERS,15378
2021,2,TOTAL IRR (POTABLE + NP IRR),222
2021,3,ICOMM,17420
2021,3,IMULT,13083
2021,3,NP IRR,0
2021,3,OCOMM,62
2021,3,ORES,8
2021,3,POTABLE IRR,207
2021,3,TOTAL IRES TIERS,12914
2021,3,TOTAL IRR (POTABLE + NP IRR),207
2021,4,ICOMM,20084
2021,4,IMULT,13746
2021,4,NP IRR,4
2021,4,OCOMM,84
2021,4,ORES,8
2021,4,POTABLE IRR,468
2021,4,TOTAL IRES TIERS,14537
2021,4,TOTAL IRR (POTABLE + NP IRR),472
2021,5,ICOMM,21444
2021,5,IMULT,13985
2021,5,NP IRR,514
2021,5,OCOMM,84
2021,5,ORES,8
2021,5,POTABLE IRR,1040
2021,5,TOTAL IRES TIERS,15812
2021,5,TOTAL IRR (POTABLE + NP IRR),1554
2021,6,ICOMM,28869
2021,6,IMULT,14678
2021,6,NP IRR,8816
2021,6,OCOMM,82
2021,6,ORES,9
2021,6,POTABLE IRR,13621
2021,6,TOTAL IRES TIERS,30446
2021,6,TOTAL IRR (POTABLE + NP IRR),22437
2021,7,ICOMM,37584
2021,7,IMULT,17172
2021,7,NP IRR,9189
2021,7,OCOMM,92
2021,7,ORES,14
2021,7,POTABLE IRR,28237
2021,7,TOTAL IRES TIERS,45824
2021,7,TOTAL IRR (POTABLE + NP IRR),37426
2021,8,ICOMM,41297
2021,8,IMULT,18735
2021,8,NP IRR,15175
2021,8,OCOMM,82
2021,8,ORES,16
2021,8,POTABLE IRR,32148
2021,8,TOTAL IRES TIERS,51776
2021,8,TOTAL IRR (POTABLE + NP IRR),47323
2021,9,ICOMM,40896
2021,9,IMULT,19163
2021,9,NP IRR,12835
2021,9,OCOMM,76
2021,9,ORES,20
2021,9,POTABLE IRR,27412
2021,9,TOTAL IRES TIERS,49836
2021,9,TOTAL IRR (POTABLE + NP IRR),40247
2021,10,ICOMM,32392
2021,10,IMULT,17338
2021,10,NP IRR,2945
2021,10,OCOMM,75
2021,10,ORES,32
2021,10,POTABLE IRR,18576
2021,10,TOTAL IRES TIERS,37624
2021,10,TOTAL IRR (POTABLE + NP IRR),21521
2021,11,ICOMM,19180
2021,11,IMULT,14613
2021,11,NP IRR,1979
2021,11,OCOMM,79
2021,11,ORES,25
2021,11,POTABLE IRR,1638
2021,11,TOTAL IRES TIERS,18164
2021,11,TOTAL IRR (POTABLE + NP IRR),3617
2021,12,ICOMM,16980
2021,12,IMULT,13557
2021,12,NP IRR,249
2021,12,OCOMM,44
2021,12,ORES,22
2021,12,POTABLE IRR,326
2021,12,TOTAL IRES TIERS,14715
2021,12,TOTAL IRR (POTABLE + NP IRR),575
2022,1,ICOMM,16190
2022,1,IMULT,13182
2022,1,NP IRR,0
2022,1,OCOMM,49
2022,1,ORES,14
2022,1,POTABLE IRR,192
2022,1,TOTAL IRES TIERS,14440
2022,1,TOTAL IRR (POTABLE + NP IRR),192
2022,2,ICOMM,16783
2022,2,IMULT,14438
2022,2,NP IRR,0
2022,2,OCOMM,62
2022,2,ORES,8
2022,2,POTABLE IRR,200
2022,2,TOTAL IRES TIERS,13604
2022,2,TOTAL IRR (POTABLE + NP IRR),200
2022,3,ICOMM,17194
2022,3,IMULT,13771
2022,3,NP IRR,3
2022,3,OCOMM,66
2022,3,ORES,9
2022,3,POTABLE IRR,206
2022,3,TOTAL IRES TIERS,12535
2022,3,TOTAL IRR (POTABLE + NP IRR),209
2022,4,ICOMM,18382
2022,4,IMULT,13715
2022,4,NP IRR,496
2022,4,OCOMM,73
2022,4,ORES,16
2022,4,POTABLE IRR,430
2022,4,TOTAL IRES TIERS,13629
2022,4,TOTAL IRR (POTABLE + NP IRR),926
2022,5,ICOMM,23916
2022,5,IMULT,14673
2022,5,NP IRR,4297
2022,5,OCOMM,66
2022,5,ORES,34
2022,5,POTABLE IRR,12137
2022,5,TOTAL IRES TIERS,26079
2022,5,TOTAL IRR (POTABLE + NP IRR),16434
2022,6,ICOMM,28830
2022,6,IMULT,15374
2022,6,NP IRR,10625
2022,6,OCOMM,64
2022,6,ORES,34
2022,6,POTABLE IRR,19708
2022,6,TOTAL IRES TIERS,33358
2022,6,TOTAL IRR (POTABLE + NP IRR),30333
2022,7,ICOMM,34561
2022,7,IMULT,16949
2022,7,NP IRR,13252
2022,7,OCOMM,81
2022,7,ORES,57
2022,7,POTABLE IRR,29004
2022,7,TOTAL IRES TIERS,48067
2022,7,TOTAL IRR (POTABLE + NP IRR),42256
2022,8,ICOMM,37219
2022,8,IMULT,19017
2022,8,NP IRR,11306
2022,8,OCOMM,108
2022,8,ORES,58
2022,8,POTABLE IRR,30024
2022,8,TOTAL IRES TIERS,48640
2022,8,TOTAL IRR (POTABLE + NP IRR),41330
2022,9,ICOMM,36695
2022,9,IMULT,19469
2022,9,NP IRR,10063
2022,9,OCOMM,102
2022,9,ORES,19
2022,9,POTABLE IRR,26009
2022,9,TOTAL IRES TIERS,46708
2022,9,TOTAL IRR (POTABLE + NP IRR),36072
2022,10,ICOMM,29779
2022,10,IMULT,17502
2022,10,NP IRR,5580
2022,10,OCOMM,87
2022,10,ORES,59
2022,10,POTABLE IRR,17067
2022,10,TOTAL IRES TIERS,34410
2022,10,TOTAL IRR (POTABLE + NP IRR),22647
2022,11,ICOMM,19627
2022,11,IMULT,14408
2022,11,NP IRR,1047
2022,11,OCOMM,57
2022,11,ORES,55
2022,11,POTABLE IRR,2942
2022,11,TOTAL IRES TIERS,17520
2022,11,TOTAL IRR (POTABLE + NP IRR),3989
2022,12,ICOMM,17207
2022,12,IMULT,13284
2022,12,NP IRR,0
2022,12,OCOMM,162
2022,12,ORES,18
2022,12,POTABLE IRR,192
2022,12,TOTAL IRES TIERS,12956
2022,12,TOTAL IRR (POTABLE + NP IRR),192
2023,1,ICOMM,16441
2023,1,IMULT,13083
2023,1,NP IRR,0
2023,1,OCOMM,31
2023,1,ORES,17
2023,1,POTABLE IRR,11
2023,1,TOTAL IRES TIERS,13667
2023,1,TOTAL IRR (POTABLE + NP IRR),11
2023,2,ICOMM,17613
2023,2,IMULT,14097
2023,2,NP IRR,0
2023,2,OCOMM,66
2023,2,ORES,16
2023,2,POTABLE IRR,9
2023,2,TOTAL IRES TIERS,12909
2023,2,TOTAL IRR (POTABLE + NP IRR),9
2023,3,ICOMM,16716
2023,3,IMULT,12975
2023,3,NP IRR,0
2023,3,OCOMM,81
2023,3,ORES,14
2023,3,POTABLE IRR,25
2023,3,TOTAL IRES TIERS,12096
2023,3,TOTAL IRR (POTABLE + NP IRR),25
2023,4,ICOMM,18049
2023,4,IMULT,14127
2023,4,NP IRR,0
2023,4,OCOMM,65
2023,4,ORES,19
2023,4,POTABLE IRR,583
2023,4,TOTAL IRES TIERS,13825
2023,4,TOTAL IRR (POTABLE + NP IRR),583
2023,5,ICOMM,18966
2023,5,IMULT,12780
2023,5,NP IRR,1183
2023,5,OCOMM,41
2023,5,ORES,47
2023,5,POTABLE IRR,4652
2023,5,TOTAL IRES TIERS,16024
2023,5,TOTAL IRR (POTABLE + NP IRR),5835
2023,6,ICOMM,22408
2023,6,IMULT,12448
2023,6,NP IRR,2385
2023,6,OCOMM,58
2023,6,ORES,53
2023,6,POTABLE IRR,9532
2023,6,TOTAL IRES TIERS,20587
2023,6,TOTAL IRR (POTABLE + NP IRR),11917
2023,7,ICOMM,26905
2023,7,IMULT,13986
2023,7,NP IRR,5801
2023,7,OCOMM,74
2023,7,ORES,55
2023,7,POTABLE IRR,14719
2023,7,TOTAL IRES TIERS,29118
2023,7,TOTAL IRR (POTABLE + NP IRR),20520
2023,8,ICOMM,28616
2023,8,IMULT,16427
2023,8,NP IRR,9807
2023,8,OCOMM,87
2023,8,ORES,87
2023,8,POTABLE IRR,24184
2023,8,TOTAL IRES TIERS,39132
2023,8,TOTAL IRR (POTABLE + NP IRR),33991
2023,9,ICOMM,30249
2023,9,IMULT,18964
2023,9,NP IRR,6741
2023,9,OCOMM,89
2023,9,ORES,79
2023,9,POTABLE IRR,23077
2023,9,TOTAL IRES TIERS,41551
2023,9,TOTAL IRR (POTABLE + NP IRR),29818
2023,10,ICOMM,25279
2023,10,IMULT,16789
2023,10,NP IRR,4501
2023,10,OCOMM,82
2023,10,ORES,69
2023,10,POTABLE IRR,13821
2023,10,TOTAL IRES TIERS,32171
2023,10,TOTAL IRR (POTABLE + NP IRR),18322
2023,11,ICOMM,20021
2023,11,IMULT,14540
2023,11,NP IRR,317
2023,11,OCOMM,50
2023,11,ORES,28
2023,11,POTABLE IRR,1823
2023,11,TOTAL IRES TIERS,16510
2023,11,TOTAL IRR (POTABLE + NP IRR),2140
2023,12,ICOMM,16800
2023,12,IMULT,12688
2023,12,NP IRR,0
2023,12,OCOMM,44
2023,12,ORES,20
2023,12,POTABLE IRR,69
2023,12,TOTAL IRES TIERS,12363
2023,12,TOTAL IRR (POTABLE + NP IRR),69
2024,1,ICOMM,15305
2024,1,IMULT,12774
2024,1,NP IRR,0
2024,1,OCOMM,54
2024,1,ORES,24
2024,1,POTABLE IRR,67
2024,1,TOTAL IRES TIERS,13526
2024,1,TOTAL IRR (POTABLE + NP IRR),67
2024,2,ICOMM,16191
2024,2,IMULT,14052
2024,2,NP IRR,0
2024,2,OCOMM,66
2024,2,ORES,23
2024,2,POTABLE IRR,301
2024,2,TOTAL IRES TIERS,12836
2024,2,TOTAL IRR (POTABLE + NP IRR),301
2024,3,ICOMM,16363
2024,3,IMULT,13684
2024,3,NP IRR,0
2024,3,OCOMM,65
2024,3,ORES,18
2024,3,POTABLE IRR,209
2024,3,TOTAL IRES TIERS,12535
2024,3,TOTAL IRR (POTABLE + NP IRR),209
2024,4,ICOMM,16357
2024,4,IMULT,13332
2024,4,NP IRR,485
2024,4,OCOMM,56
2024,4,ORES,18
2024,4,POTABLE IRR,592
2024,4,TOTAL IRES TIERS,12792
2024,4,TOTAL IRR (POTABLE + NP IRR),1077
2024,5,ICOMM,17952
2024,5,IMULT,13446
2024,5,NP IRR,2250
2024,5,OCOMM,49
2024,5,ORES,15
2024,5,POTABLE IRR,3693
2024,5,TOTAL IRES TIERS,14824
2024,5,TOTAL IRR (POTABLE + NP IRR),5943
2024,6,ICOMM,26240
2024,6,IMULT,17183
2024,6,NP IRR,10770
2024,6,OCOMM,55
2024,6,ORES,80
2024,6,POTABLE IRR,18801
2024,6,TOTAL IRES TIERS,39880
2024,6,TOTAL IRR (POTABLE + NP IRR),29571
2024,7,ICOMM,27830
2024,7,IMULT,17333
2024,7,NP IRR,14330
2024,7,OCOMM,41
2024,7,ORES,94
2024,7,POTABLE IRR,27040
2024,7,TOTAL IRES TIERS,49364
2024,7,TOTAL IRR (POTABLE + NP IRR),41370
2024,8,ICOMM,30314
2024,8,IMULT,17921
2024,8,NP IRR,16718
2024,8,OCOMM,72
2024,8,ORES,111
2024,8,POTABLE IRR,27241
2024,8,TOTAL IRES TIERS,47310
2024,8,TOTAL IRR (POTABLE + NP IRR),43959
2024,9,ICOMM,30514
2024,9,IMULT,18986
2024,9,NP IRR,9877
2024,9,OCOMM,58
2024,9,ORES,97
2024,9,POTABLE IRR,24714
2024,9,TOTAL IRES TIERS,44769
2024,9,TOTAL IRR (POTABLE + NP IRR),34591
2024,10,ICOMM,24680
2024,10,IMULT,16109
2024,10,NP IRR,5390
2024,10,OCOMM,57
2024,10,ORES,78
2024,10,POTABLE IRR,15611
2024,10,TOTAL IRES TIERS,35719
2024,10,TOTAL IRR (POTABLE + NP IRR),21001
2024,11,ICOMM,18170
2024,11,IMULT,14407
2024,11,NP IRR,320
2024,11,OCOMM,42
2024,11,ORES,30
2024,11,POTABLE IRR,2410
2024,11,TOTAL IRES TIERS,18018
2024,11,TOTAL IRR (POTABLE + NP IRR),2730
2024,12,ICOMM,16041
2024,12,IMULT,13177
2024,12,NP IRR,0
2024,12,OCOMM,40
2024,12,ORES,26
2024,12,POTABLE IRR,759
2024,12,TOTAL IRES TIERS,13119
2024,12,TOTAL IRR (POTABLE + NP IRR),759
2025,1,ICOMM,14491
2025,1,IMULT,11061
2025,1,NP IRR,0
2025,1,OCOMM,41
2025,1,ORES,18
2025,1,POTABLE IRR,297
2025,1,TOTAL IRES TIERS,12702
2025,1,TOTAL IRR (POTABLE + NP IRR),297
2025,2,ICOMM,17504
2025,2,IMULT,14024
2025,2,NP IRR,0
2025,2,OCOMM,56
2025,2,ORES,19
2025,2,POTABLE IRR,210
2025,2,TOTAL IRES TIERS,13553
2025,2,TOTAL IRR (POTABLE + NP IRR),210
2025,3,ICOMM,16226
2025,3,IMULT,12293
2025,3,NP IRR,0
2025,3,OCOMM,55
2025,3,ORES,17
2025,3,POTABLE IRR,194
2025,3,TOTAL IRES TIERS,11753
2025,3,TOTAL IRR (POTABLE + NP IRR),194
2025,4,ICOMM,16724
2025,4,IMULT,12517
2025,4,NP IRR,608
2025,4,OCOMM,51
2025,4,ORES,15
2025,4,POTABLE IRR,881
2025,4,TOTAL IRES TIERS,13294
2025,4,TOTAL IRR (POTABLE + NP IRR),1489
2025,5,ICOMM,19362
2025,5,IMULT,12606
2025,5,NP IRR,1231
2025,5,OCOMM,54
2025,5,ORES,18
2025,5,POTABLE IRR,4878
2025,5,TOTAL IRES TIERS,17032
2025,5,TOTAL IRR (POTABLE + NP IRR),6109
2025,6,ICOMM,24665
2025,6,IMULT,13879
2025,6,NP IRR,4726
2025,6,OCOMM,44
2025,6,ORES,50
2025,6,POTABLE IRR,13440
2025,6,TOTAL IRES TIERS,28419
2025,6,TOTAL IRR (POTABLE + NP IRR),18166
2025,7,ICOMM,26622
2025,7,IMULT,15365
2025,7,NP IRR,8056
2025,7,OCOMM,44
2025,7,ORES,58
2025,7,POTABLE IRR,24538
2025,7,TOTAL IRES TIERS,44101
2025,7,TOTAL IRR (POTABLE + NP IRR),32594
2025,8,ICOMM,30564
2025,8,IMULT,16760
2025,8,NP IRR,13
2025,8,OCOMM,30
2025,8,ORES,91
2025,8,POTABLE IRR,23696
2025,8,TOTAL IRES TIERS,47838
2025,8,TOTAL IRR (POTABLE + NP IRR),23709
2025,9,ICOMM,30625
2025,9,IMULT,18301
2025,9,NP IRR,21667
2025,9,OCOMM,49
2025,9,ORES,85
2025,9,POTABLE IRR,23762
2025,9,TOTAL IRES TIERS,39989
2025,9,TOTAL IRR (POTABLE + NP IRR),45429
2025,10,ICOMM,24625
2025,10,IMULT,14427
2025,10,NP IRR,6660
2025,10,OCOMM,25
2025,10,ORES,62
2025,10,POTABLE IRR,11827
2025,10,TOTAL IRES TIERS,25974
2025,10,TOTAL IRR (POTABLE + NP IRR),18487
2025,11,ICOMM,18567
2025,11,IMULT,12981
2025,11,NP IRR,3265
2025,11,OCOMM,29
2025,11,ORES,44
2025,11,POTABLE IRR,2068
2025,11,TOTAL IRES TIERS,17032
2025,11,TOTAL IRR (POTABLE + NP IRR),5333
2025,12,ICOMM,16060
2025,12,IMULT,13555
2025,12,NP IRR,0
2025,12,OCOMM,30
2025,12,ORES,19
2025,12,POTABLE IRR,314
2025,12,TOTAL IRES TIERS,12605
2025,12,TOTAL IRR (POTABLE + NP IRR),314
